tweet_id,ticker,reviewer_label,finbert_label,fintwit_label,fintwit_score
2099558853515809202,ASTS,BULLISH,BULLISH,BEARISH,-0.245
2097026262921294221,ASTS,NEUTRAL,NEUTRAL,BULLISH,0.634
2102389307638153290,SPCX,NEUTRAL,BULLISH,NEUTRAL,0.138
2104554178701853117,SATL,NON_ENGLISH,BULLISH,NEUTRAL,0.089
2105710502458556657,ASTS,BEARISH,BULLISH,BEARISH,-0.998
2097695377805684745,ASTS,NEUTRAL,BEARISH,BULLISH,0.221
2100262102485147753,ASTS,BULLISH,BEARISH,NEUTRAL,-0.071
2097331613294362690,SPCE,BULLISH,NEUTRAL,BULLISH,0.699
2097363227713970620,RKLB,NEUTRAL,BULLISH,BEARISH,-0.947
2102104878575497560,SPCE,NEUTRAL,BULLISH,NEUTRAL,0.096
2103115101712552239,SPCX,BULLISH,NEUTRAL,BEARISH,-0.965
2099546976828182619,SATL,NON_ENGLISH,BULLISH,NEUTRAL,0.158
2097677561601896710,SPCX,NEUTRAL,BULLISH,BEARISH,-0.347
2098450467777044513,ASTS,NEUTRAL,NEUTRAL,BULLISH,0.898
2102804251655438592,RKLB,NEUTRAL,BEARISH,NEUTRAL,-0.032
2102471808209543581,SPCX,NON_ENGLISH,BULLISH,NEUTRAL,0.043
2103483769663676457,RKLB,BULLISH,BULLISH,BEARISH,-0.496
2102850494955655604,SPCX,NON_ENGLISH,NEUTRAL,BULLISH,0.852
2103175340852224134,RKLB,BEARISH,BULLISH,BEARISH,-0.974
2103519080447627461,SPCX,NEUTRAL,BULLISH,BEARISH,-0.455
2104634587775402158,RKLB,BULLISH,NEUTRAL,BULLISH,0.926
2103157927653912948,SPCX,BULLISH,BEARISH,BULLISH,0.8
2105291282847596637,SATL,NEUTRAL,NEUTRAL,BULLISH,0.367
2105007014485324272,RKLB,NEUTRAL,NEUTRAL,BULLISH,0.922
2103131445166493707,SPCX,NEUTRAL,NEUTRAL,BEARISH,-0.912
2100578255149682777,ASTS,BULLISH,BEARISH,BULLISH,0.875
2103477519827783972,SPCX,NON_ENGLISH,BULLISH,NEUTRAL,-0.016
2102448420468211858,SPCX,NEUTRAL,NEUTRAL,BEARISH,-0.652
2102487298868916508,SPCX,NEUTRAL,BULLISH,NEUTRAL,0.183
2100592471411409395,SPCX,NEUTRAL,BEARISH,BULLISH,0.758
2102840915073053078,SPCE,BULLISH,NEUTRAL,BULLISH,0.586
2100259607239131332,RKLB,BULLISH,BEARISH,NEUTRAL,-0.188
2103475676166967757,ASTS,NEUTRAL,NEUTRAL,BULLISH,0.423
2098498652985610684,ASTS,NEUTRAL,BEARISH,NEUTRAL,-0.037
2098472415462326667,SPCX,NON_ENGLISH,NEUTRAL,BULLISH,0.694
2098397965094170715,ASTS,NEUTRAL,NEUTRAL,BULLISH,0.638
2104930943836242083,RKLB,NEUTRAL,BEARISH,BULLISH,0.392
2102794495897325649,SPCX,NEUTRAL,NEUTRAL,BEARISH,-0.27
2105378610299142303,RKLB,BULLISH,BEARISH,BULLISH,0.992
2097735815627501977,ASTS,BEARISH,BEARISH,BULLISH,0.301
2100576377137479820,ASTS,BEARISH,BULLISH,BEARISH,-0.98
2105004390570754513,ASTS,NEUTRAL,NEUTRAL,BULLISH,0.795
2098103633761968582,ASTS,NEUTRAL,NEUTRAL,BULLISH,0.961
2102367312804491480,SATL,BULLISH,NEUTRAL,BULLISH,0.974
2097050904705061358,ASTS,BULLISH,BEARISH,BULLISH,0.967
2099929050756133007,ASTS,BULLISH,NEUTRAL,BEARISH,-0.259
2103468607313457241,ASTS,NEUTRAL,BEARISH,NEUTRAL,-0.155
2102806001309090232,SPCE,BEARISH,NEUTRAL,BEARISH,-0.989
2102453677407834173,SPCE,NEUTRAL,NEUTRAL,BULLISH,0.233
2098426294132158656,ASTS,BULLISH,BEARISH,BULLISH,0.98
2104609689245782116,SATL,NEUTRAL,BEARISH,NEUTRAL,-0.081
2102120433760014545,SPCE,NEUTRAL,NEUTRAL,BULLISH,0.267
2100592477778608304,RKLB,BEARISH,BULLISH,BEARISH,-0.237
2098043905392410793,SPCX,NEUTRAL,NEUTRAL,BEARISH,-0.7
2103554472957886556,SPCX,NEUTRAL,NEUTRAL,BEARISH,-0.659
2105248271572799861,SATL,NEUTRAL,BEARISH,BULLISH,0.761
2098041335047462924,SPCX,NEUTRAL,NEUTRAL,BULLISH,0.224
2105308258584129718,RKLB,BULLISH,BEARISH,NEUTRAL,0.182
2100313535561466353,RKLB,BEARISH,BEARISH,NEUTRAL,-0.177
2098121975352717458,SPCX,BEARISH,BEARISH,BULLISH,0.54
2105654365671334140,ASTS,BEARISH,BULLISH,NEUTRAL,0.175
2102035804402888927,SATL,NON_ENGLISH,BULLISH,NEUTRAL,0.157
2097751161885409730,RKLB,BEARISH,NEUTRAL,BEARISH,-0.979
2103117865419506036,SPCX,BULLISH,NEUTRAL,BEARISH,-0.714
2102425555727450592,ASTS,BULLISH,BEARISH,BULLISH,0.879
2100264709882851429,SPCX,NEUTRAL,BULLISH,BEARISH,-0.239
2102828049943457807,RKLB,BULLISH,NEUTRAL,BULLISH,0.922
2103211558495191291,SPCX,NEUTRAL,NEUTRAL,BULLISH,0.302
2105004763905401180,ASTS,BULLISH,NEUTRAL,BULLISH,0.386
2098233961520500846,SATL,NON_ENGLISH,BULLISH,NEUTRAL,-0.005
2102751349721231382,SPCX,BULLISH,NEUTRAL,BULLISH,0.896
2102470138645942653,RKLB,NEUTRAL,NEUTRAL,BEARISH,-0.714
2097053197919506821,SPCX,NON_ENGLISH,NEUTRAL,BULLISH,0.302
2105308531041993105,ASTS,NEUTRAL,NEUTRAL,BULLISH,0.448
2105291925628596521,ASTS,NEUTRAL,NEUTRAL,BEARISH,-0.915
2103135141199753410,ASTS,NEUTRAL,NEUTRAL,BULLISH,0.307
2102599740508553536,RKLB,BEARISH,BEARISH,NEUTRAL,-0.165
2103477404329001186,SPCX,BULLISH,BULLISH,BEARISH,-0.839
2098399492630618212,ASTS,NEUTRAL,NEUTRAL,BEARISH,-0.833
2100612960574230901,SATL,BULLISH,NEUTRAL,BULLISH,0.902
2102784772607234129,RKLB,NEUTRAL,NEUTRAL,BULLISH,0.313
2097649634575266102,SATL,NON_ENGLISH,BULLISH,BEARISH,-0.243
2098408032103194908,ASTS,NEUTRAL,NEUTRAL,BULLISH,0.245
2103507167152373968,SPCX,NEUTRAL,NEUTRAL,BEARISH,-0.54
2102813736524468276,SPCE,BEARISH,NEUTRAL,BEARISH,-0.984
2104564834604032494,RKLB,NEUTRAL,NEUTRAL,BULLISH,0.802
2104990011573612918,SPCX,NEUTRAL,BULLISH,NEUTRAL,0.094
2106015898502840689,ASTS,BULLISH,NEUTRAL,BULLISH,0.933
2104975347313717327,SPCX,NEUTRAL,NEUTRAL,BEARISH,-0.762
2105654909270106437,RKLB,BEARISH,NEUTRAL,BEARISH,-0.999
2098472606823301155,RKLB,BULLISH,NEUTRAL,BULLISH,0.937
2104600361654706305,SATL,NEUTRAL,BULLISH,BEARISH,-0.375
2097315268871483689,SPCX,BULLISH,NEUTRAL,BEARISH,-0.391
2097767323687928240,SPCX,NEUTRAL,NEUTRAL,BULLISH,0.468
2102850444360081862,SPCX,NEUTRAL,BULLISH,BEARISH,-0.979
2102751024947568836,SPCX,NEUTRAL,NEUTRAL,BEARISH,-0.459
2100579529165013408,SPCX,NEUTRAL,NEUTRAL,BULLISH,0.997
2102599832879906929,SATL,BULLISH,BEARISH,BULLISH,0.528
2103175580220899482,SPCX,NEUTRAL,NEUTRAL,BEARISH,-0.425
2104642765258698870,SPCX,NEUTRAL,NEUTRAL,BEARISH,-0.673
2098054065032769988,SPCX,NEUTRAL,NEUTRAL,BEARISH,-0.917
2104972546625912909,SPCE,BEARISH,NEUTRAL,BEARISH,-0.993
2104593851180552353,SPCX,NON_ENGLISH,NEUTRAL,BULLISH,0.856
2099877930037911591,RKLB,NEUTRAL,BEARISH,NEUTRAL,0.013
2096988875206140228,ASTS,BULLISH,BEARISH,BULLISH,0.972
2102058212736266431,ASTS,NEUTRAL,BULLISH,BEARISH,-0.258
2103149718440427721,SPCX,NON_ENGLISH,BULLISH,NEUTRAL,0.012
2103474591268253798,ASTS,NEUTRAL,NEUTRAL,BULLISH,0.211
2097402741882761544,ASTS,BULLISH,NEUTRAL,BEARISH,-0.332
2105331739153281414,ASTS,BULLISH,NEUTRAL,BEARISH,-0.791
2104934299241750983,SPCX,BULLISH,BULLISH,BEARISH,-0.221
2105356731090076122,RKLB,NEUTRAL,NEUTRAL,BULLISH,0.302
2097313494387536381,ASTS,BULLISH,BEARISH,NEUTRAL,0.054
2105310315055341937,SPCX,NEUTRAL,NEUTRAL,BULLISH,0.854
2100648533355581580,RKLB,NEUTRAL,BULLISH,NEUTRAL,0.101
2103523407660990563,SATL,NEUTRAL,NEUTRAL,BULLISH,0.874
2099852405693403143,SPCX,BULLISH,BEARISH,BULLISH,0.867
2103515848489181345,SPCE,NEUTRAL,NEUTRAL,BULLISH,0.271
2100679181235614110,ASTS,BULLISH,NEUTRAL,BULLISH,0.931
2103129148743139729,ASTS,BEARISH,BULLISH,BEARISH,-0.784
2102015373398745530,SATL,BULLISH,NEUTRAL,BULLISH,0.941
2102126198352392301,SPCE,NEUTRAL,NEUTRAL,BULLISH,0.238
2099919848218460554,ASTS,BULLISH,BEARISH,BULLISH,0.897
2105633021848379542,SATL,NEUTRAL,NEUTRAL,BULLISH,0.958
2105338518881145247,SATL,NEUTRAL,NEUTRAL,BULLISH,0.867
2102387473644995024,RKLB,NEUTRAL,BEARISH,NEUTRAL,0.179
2104642295412805828,RKLB,BULLISH,NEUTRAL,BEARISH,-0.507
2104645433989492774,RKLB,BULLISH,NEUTRAL,BULLISH,0.608
2097683856593748456,ASTS,BULLISH,BEARISH,NEUTRAL,-0.194
2102411627081687134,ASTS,BULLISH,BEARISH,NEUTRAL,0.189
2102927500276007185,SPCE,BULLISH,BEARISH,BULLISH,0.968
2105309792827007346,SPCX,NEUTRAL,NEUTRAL,BEARISH,-0.593
2104563963283595696,ASTS,BULLISH,BEARISH,BULLISH,0.514
2098100970236604604,ASTS,NEUTRAL,NEUTRAL,BULLISH,0.255
2100964344767078786,SPCX,NEUTRAL,BEARISH,NEUTRAL,-0.077
2100954746261549129,SPCX,BULLISH,NEUTRAL,BULLISH,0.807
2105020658061058350,SPCX,NEUTRAL,NEUTRAL,BEARISH,-0.514
2105308804950704391,ASTS,BULLISH,BULLISH,BEARISH,-0.235
2099542414142660652,SPCE,NEUTRAL,NEUTRAL,BULLISH,0.257
2103204191867187408,SPCX,NEUTRAL,BULLISH,BEARISH,-0.481
2099916011285647585,RKLB,NEUTRAL,NEUTRAL,BEARISH,-0.846
2097347476785430758,SPCX,NEUTRAL,BEARISH,BULLISH,0.829
2102445859027714470,ASTS,BULLISH,NEUTRAL,BULLISH,0.993
2099124629134569499,SPCE,NEUTRAL,BULLISH,BEARISH,-0.282
2098479809886085403,RKLB,BULLISH,BULLISH,NEUTRAL,0.182
2102471275234898021,SPCX,NEUTRAL,NEUTRAL,BULLISH,0.951
2103532340899414337,ASTS,NEUTRAL,NEUTRAL,BULLISH,0.875
2104989825304605106,SPCX,NON_ENGLISH,BULLISH,NEUTRAL,-0.034
2102794459465547851,SPCX,NEUTRAL,NEUTRAL,BEARISH,-0.287
2097696392731033941,RKLB,BEARISH,BEARISH,BULLISH,0.238
